name,description,price,category,vegetarian,spicy,containsNuts,imageUrl
Mixed Hors D'Oeuvres,"Sesame Prawn on Toast, Vegetarian Mini Rolls, Spare Ribs, Satay Chicken, Crispy Seaweed",6.90,Starters,false,false,true,
Quarter Crispy Aromatic Duck,"Served with Spring Onions, Cucumber, Pancakes (6) & Hoi Sin Sauce",11.80,Starters,false,false,false,
Half Crispy Aromatic Duck,"Served with Spring Onions, Cucumber, Pancakes (12) & Hoi Sin Sauce",18.90,Starters,false,false,false,
Whole Crispy Aromatic Duck,"Served with Spring Onions, Cucumber, Pancakes (24) & Hoi Sin Sauce",30.90,Starters,false,false,false,
Crispy Aromatic Lamb,"Served with Spring Onions, Cucumber, Pancakes (6) & Hoi Sin Sauce",11.80,Starters,false,false,false,
Crispy Seaweed,,4.80,Starters,false,false,false,
Spring Rolls (2),Contains pork and shrimp,4.50,Starters,false,false,false,
Mixed Meat Rolls (3),,4.80,Starters,false,false,false,
Vegetarian Mini Spring Rolls (10), ,4.50,Starters,true,false,false,
Satay Chicken (4), ,6.80,Starters,false,true,true,
Spare Ribs with Honey Sauce, ,7.30,Starters,false,false,false,
Dumpling (6),,6.50,Starters,false,false,false,
Sesame Prawn on Toast (8), ,6.80,Starters,false,false,false,
Captial Spare Ribs, ,7.30,Starters,false,false,false,
Salt & Pepper Spare Ribs, ,7.30,Starters,false,true,false,
Barbecued Spare Ribs, ,7.30,Starters,false,false,false,
Smoked Chicken, ,6.80,Starters,false,true,false,
Salt & Pepper Squid, ,7.50,Starters,false,true,false,
Salt & Pepper Prawns (10), ,7.50,Starters,false,true,false,
Salt & Pepper Tofu/Bean Curd, ,6.00,Starters,true,true,false,
Butterfly King Prawn (8), Comes with sweet & sour sauce,7.20,Starters,false,false,false,
Deep Fried Chicken Wings, ,5.90,Starters,false,true,false,
Salt & Pepper Chicken Wings, ,5.90,Starters,false,true,false,
Curry Samosas (10), Comes with sweet & sour sauce,4.60,Starters,false,true,false,
Salt & Pepper Pork, ,6.80,Starters,false,true,false,
Salt & peppers Chicken, ,6.80,Starters,false,true,false,
Prawn Crackers, ,2.50,Starters,false,false,false,
Chicken & Sweetcorn Soup, ,3.80,Soups,false,false,false,
Crabmeat & Sweetcorn Soup, ,3.80,Soups,false,false,false,
Chicken & Noodles Soup, ,3.80,Soups,false,false,false,
Chicken & Mushroom Soup, ,3.80,Soups,false,false,false,
Hot & Sour Soup, ,4.10,Soups,false,true,false,
Vegetarian Hot & Sour Soup, ,3.60,Soups,false,false,false,
Won Ton Soup, ,5.10,Soups,false,false,false,
Roast Pork & Chicken on Boiled Rice in BBQ sauce, ,7.50,Rice Dishes (In Large Container),false,false,false,
Roast Pork & Chicken on Fried Rice in BBQ sauce, ,7.50,Rice Dishes (In Large Container),false,false,false,
Roast Pork on Boiled Rice in BBQ sauce, ,7.50,Rice Dishes (In Large Container),false,false,false,
Roast Pork on Fried Rice in BBQ sauce, ,7.50,Rice Dishes (In Large Container),false,false,false,
Roast Chicken on Boiled Rice in BBQ sauce, ,7.50,Rice Dishes (In Large Container),false,false,false,
Roast Chicken on Fried Rice in BBQ sauce, ,7.50,Rice Dishes (In Large Container),false,false,false,
Roast Duck on Boiled Rice in BBQ sauce, ,7.90,Rice Dishes (In Large Container),false,false,false,
Roast Duck on Fried Rice in BBQ sauce, ,7.90,Rice Dishes (In Large Container),false,false,false,
Roast Duck Fried Rice, ,7.50,Rice Dishes (In Large Container),false,false,false,
House Special on Boiled Rice,in sauce,7.60,Rice Dishes (In Large Container),false,false,false,
House Special on Fried Rice,in sauce,7.60,Rice Dishes (In Large Container),false,false,false,
Yeung Chow/Special Fried Rice, ,6.20,Rice Dishes (In Large Container),false,false,false,
Thai Style Special Friend Rice, ,6.80,Rice Dishes (In Large Container),false,false,false,
Chicken Fried Rice, ,6.10,Rice Dishes (In Large Container),false,false,false,
Thai Style Chicken Fried Rice, ,6.80,Rice Dishes (In Large Container),false,false,false,
Beef Fried Rice, ,6.20,Rice Dishes (In Large Container),false,false,false,
Thai Style Fried Rice, ,6.90,Rice Dishes (In Large Container),false,false,false,
Roast Pork Fried Rice, ,6.10,Rice Dishes (In Large Container),false,false,false,
Thai Style Pork Fried Rice, ,6.80,Rice Dishes (In Large Container),false,false,false,
King Prawns Fried Rice, ,6.90,Rice Dishes (In Large Container),false,false,false,
Thai Style King Prawn Fried Rice, ,7.40,Rice Dishes (In Large Container),false,false,false,
Shrimp Fried Rice, ,6.50,Rice Dishes (In Large Container),false,false,false,
Singapore Style Fried Rice, ,6.90,Rice Dishes (In Large Container),false,true,false,
Egg Fried Rice,Large,4.90,Rice Dishes (In Large Container),true,false,false,
Egg Fried Rice,Small,4.30,Rice Dishes (In Large Container),true,false,false,
Thai Style Egg Fried Rice, ,5.80,Rice Dishes (In Large Container),true,false,false,
Mixed Vegetables on Boiled Rice, Comes in sauce,6.70,Rice Dishes (In Large Container),true,false,false,
Mixed Vegetables on Fried Rice, Comes in sauce,6.70,Rice Dishes (In Large Container),false,false,false,
Boiled Rice,Small,4.30,Rice Dishes (In Large Container),true,false,false,
Pineapple Fried Rice, ,5.50,Rice Dishes (In Large Container),true,false,false,
Chicken & Pineapple Fried Rice, ,6.50,Rice Dishes (In Large Container),false,false,false,
Beef & Pineapple Fried Rice, ,6.50,Rice Dishes (In Large Container),false,false,false,
Roast Pork & Pineapple Fried Rice, ,6.50,Rice Dishes (In Large Container),false,false,false,
King Prawn & Pineapple Fried Rice, ,7.10,Rice Dishes (In Large Container),false,false,false,
Shrip & Pineapple Fried Rice, ,6.80,Rice Dishes (In Large Container),false,false,false,
Roast Pork & Chicken on ChowMein in BBQ sauce, ,7.50,Noodles Dishes (In Large Container),false,false,false,
Roast Pork on ChowMein in BBQ sauce, ,7.50,Noodles Dishes (In Large Container),false,false,false,
Chicken on ChowMein in BBQ sauce, ,7.50,Noodles Dishes (In Large Container),false,false,false,
Roast Duck on ChowMein in BBQ sauce, ,7.90,Noodles Dishes (In Large Container),false,false,false,
Roast Duck ChowMein, ,7.50,Noodles Dishes (In Large Container),false,false,false,
House Special on ChowMein,in sauce,7.80,Noodles Dishes (In Large Container),false,false,false,
Yeung Chow/Special ChowMein, ,6.40,Noodles Dishes (In Large Container),false,false,false,
Chicken ChowMein, ,6.20,Noodles Dishes (In Large Container),false,false,false,
Beef ChowMein, ,6.30,Noodles Dishes (In Large Container),false,false,false,
Roast Pork ChowMein, ,6.20,Noodles Dishes (In Large Container),false,false,false,
King Prawn ChowMein, ,7.20,Noodles Dishes (In Large Container),false,false,false,
Shrimp ChowMein, ,6.50,Noodles Dishes (In Large Container),false,false,false,
Singapore Style ChowMein, ,6.80,Noodles Dishes (In Large Container),false,true,false,
Beansprouts ChowMein, ,5.10,Noodles Dishes (In Large Container),true,false,false,
Plain ChowMein, ,5.10,Noodles Dishes (In Large Container),false,true,false,
Mushrooms ChowMein, ,5.50,Noodles Dishes (In Large Container),false,true,false,
Mixed Vegetables on ChowMein,in sauce,5.50,Noodles Dishes (In Large Container),false,true,false,
Singapore Style Fried Rice Noodles/Vermicelli, ,6.80,Noodles Dishes (In Large Container),true,false,false,
Chicken Singapore Style Friend Rice Noodles/Vermicelli, ,6.80,Noodles Dishes (In Large Container),true,false,false,
Vegetarian Singapore Style Fried Rice Noodles/Vermicelli, ,6.30,Noodles Dishes (In Large Container),true,true,false,
Seafood ChowMein,in sauce,7.90,Noodles Dishes (In Large Container),false,false,false,
Crispy Noodles with Chicken in Black Bean Sauce, ,7.90,Noodles Dishes (In Large Container),false,true,false,
Crispy Noodles with Beef in Black Bean Sauce, ,7.90,Noodles Dishes (In Large Container),false,true,false,
Crispy Noodles with Roast Duck in Black Bean Sauce, ,8.20,Noodles Dishes (In Large Container),false,true,false,
Crispy Noodles with Mixed Vegetables in Black Bean Sauce, ,7.10,Noodles Dishes (In Large Container),true,true,false,
Seafood Fried Ho Fun, ,8.90,Noodles Dishes (In Large Container),false,false,false,
Singapore Style Fried Ho Fun, ,8.50,Noodles Dishes (In Large Container),false,true,false,
Chicken Fried Ho Fun, ,8.30,Noodles Dishes (In Large Container),false,false,false,
Beef Fried Ho Fun, ,8.50,Noodles Dishes (In Large Container),false,false,false,
Ho Fun with CHicken in Black Bean Sauce, ,8.50,Noodles Dishes (In Large Container),false,true,false,
Ho Fun with Beef in Black Bean Sauce, ,8.70,Noodles Dishes (In Large Container),false,true,false,
Ho Fun with Roast Duck in Black Bean Sauce, ,8.90,Noodles Dishes (In Large Container),false,true,false,
Satay Yeung Chow/Special ChowMein, ,6.80,Noodles Dishes (In Large Container),false,true,true,
Satay Chicken ChowMein, ,6.60,Noodles Dishes (In Large Container),false,true,true,
Satay Beef ChowMein, ,6.80,Noodles Dishes (In Large Container),false,true,true,
Satay Roast Pork ChowMein, ,6.80,Noodles Dishes (In Large Container),false,true,true,
Satay King Prawn ChowMein, ,7.50,Noodles Dishes (In Large Container),false,true,true,
Satay Shrimp ChowMein, ,7.20,Noodles Dishes (In Large Container),false,true,true,
Satay Beansprouts ChowMein, ,5.80,Noodles Dishes (In Large Container),true,true,true,
Satay Mushroom ChowMein, ,5.90,Noodles Dishes (In Large Container),true,true,true,
Chinese Style Chicken, ,6.80,Chicken Dishes,false,false,false,
Chicken with Mushroom, ,6.80,Chicken Dishes,false,false,false,
Chicken with Bamboo Shoots & Water Chestnuts, ,6.80,Chicken Dishes,false,false,false,
Chicken with Pineapple, ,6.80,Chicken Dishes,false,false,false,
Chicken with Mixed Vegetables, ,6.80,Chicken Dishes,false,false,false,
Chicken Chop Suey, ,6.80,Chicken Dishes,false,false,false,
Chicken with Cashew Nuts, ,7.00,Chicken Dishes,false,false,true,
Chicken with Green Ppepper in Black Bean Sauce, ,6.80,Chicken Dishes,false,true,false,
Szechuan Style Chicken, ,6.80,Chicken Dishes,false,true,false,
Chicken in Oyster Sauce, ,6.80,Chicken Dishes,false,false,false,
Chicken in Garlic Sauce, ,7.10,Chicken Dishes,false,false,false,
Satay Chicken, ,6.80,Chicken Dishes,false,true,true,
Chicken with Ginger & Spring Onion, ,6.80,Chicken Dishes,false,false,false,
Chicken in Yellow Bean Sauce, ,6.80,Chicken Dishes,false,false,true,
Thai Style Chicken, ,7.10,Chicken Dishes,false,true,false,
Chicken in Black Pepper Sauce, ,6.80,Chicken Dishes,false,true,false,
Kung Po Chicken, ,6.90,Chicken Dishes,false,true,true,
Crispy Shredded Chicken, ,6.90,Chicken Dishes,false,true,false,
Crispy Shredded Beef, ,7.40,Beef Dishes,false,true,false,
Beef with Mushroom, ,7.10,Beef Dishes,false,false,false,
Beef with Bamboo Shoots & Water Chestnuts, ,7.10,Beef Dishes,false,false,false,
Beef with Pineapple, ,7.10,Beef Dishes,false,false,false,
Beef with Green Pepper in Black Bean Sauce, ,7.10,Beef Dishes,false,true,false,
Beef Chop Suey, ,7.10,Beef Dishes,false,false,false,
Szechuan Style Beef, ,7.10,Beef Dishes,false,true,false,
Satay Beef, ,7.10,Beef Dishes,false,true,true,
Beef with Mixed Vegetables, ,7.10,Beef Dishes,false,false,false,
Beef with Cashew Nuts, ,7.30,Beef Dishes,false,false,true,
Beef with Ginger & Spring Onion, ,7.10,Beef Dishes,false,false,false,
Thai Style Beef, ,7.10,Beef Dishes,false,false,true,
Beef in Black Pepper Sauce, ,7.10,Beef Dishes,false,false,true,
Beef in Oyster Sauce, ,7.10,Beef Dishes,false,false,false,
Mixed Meat with Green Peppers in Black Bean Sauce, ,7.60,Seafood Dishes,false,true,false,
King Prawn in Peking Sauce, ,7.60,Seafood Dishes,false,true,false,
King Prawn with Cashew Nuts, ,7.60,Seafood Dishes,false,false,true,
King Prawn in Garlic Sauce, ,7.10,Seafood Dishes,false,false,false,
Kung Po King Prawn, ,7.60,Seafood Dishes,false,true,true,
King Prawn with Green Pepper in Black Bean Sauce, ,7.60,Seafood Dishes,false,true,false,
Satay King Prawn, ,7.60,Seafood Dishes,false,true,true,
King Prawn with Pineapple, ,7.60,Seafood Dishes,false,false,false,
Szechuan Style King Prawn, ,7.60,Seafood Dishes,false,true,false,
King Prawn with Bamboo Shoot & Water Chestnuts, ,7.60,Seafood Dishes,false,false,false,
King Prawn with Mushroom, ,7.60,Seafood Dishes,false,false,false,
King Prawn with Mixed Vegetables, ,7.60,Seafood Dishes,false,false,false,
King Prawn Chop Suey, ,7.60,Seafood Dishes,false,false,false,
King Prawn in Yellow Bean Sauce, ,7.60,Seafood Dishes,false,true,false,
King Prawn in Oyster Sauce, ,7.60,Seafood Dishes,false,false,false,
King Prawn with Ginger & Spring Onion, ,7.60,Seafood Dishes,false,false,false,
Thai Style King Prawn, ,7.90,Seafood Dishes,false,true,false,
King Prawn in Coconut Sauce, ,7.90,Seafood Dishes,false,false,false,
Thai Style Seafood, ,8.70,Seafood Dishes,false,false,false,
Chinese Style Roast Pork, ,6.80,Pork Dishes,false,false,false,
Roast Pork with Green Pepper in Black Bean Sauce, ,6.80,Pork Dishes,false,true,false,
Roast Pork in Yellow Bean Sauce, ,7.10,Pork Dishes,false,false,true,
Roast Pork with Mixed Vegetables, ,6.80,Pork Dishes,false,false,false,
Roast Pork Chop Suey, ,6.80,Pork Dishes,false,false,false,
Roast Pork with Ginger & Spring Onion, ,6.80,Pork Dishes,false,false,false,
Roast Pork in Coconut Sauce, ,6.80,Pork Dishes,false,false,false,
Kung Po Pork, ,6.80,Pork Dishes,false,true,true,
Lamb with Ginger & Spring Onion, ,8.40,Lamb Dishes,false,false,false,
Lamb with Green Pepper in Black Bean Sauce, ,8.40,Lamb Dishes,false,true,false,
Lamb in Black Pepper Sauce, ,8.40,Lamb Dishes,false,true,false,
Lamb in Oyster Sauce, ,8.40,Lamb Dishes,false,false,false,
Szechuan Style Lamb, ,8.40,Lamb Dishes,false,true,false,
Special Curry, ,7.50,Curry Dishes,false,true,false,
Chicken Curry, ,6.60,Curry Dishes,false,true,false,
Beef Curry, ,6.80,Curry Dishes,false,true,false,
Roast Pork Curry, ,6.60,Curry Dishes,false,true,false,
Lamb Curry, ,8.30,Curry Dishes,false,true,false,
King Prawn Curry, ,7.60,Curry Dishes,false,true,false,
Mixed Vegetables Curry, ,6.10,Curry Dishes,false,true,false,
Roast Duck Curry, ,8.20,Curry Dishes,false,true,false,
Sweet & Sour Chicken Balls, ,6.60,Sweet & Sour Dishes,false,false,false,
Sweet & Sour Pork Balls, ,6.60,Sweet & Sour Dishes,false,false,false,
Sweet & Sour Prawn Balls, ,7.50,Sweet & Sour Dishes,false,false,false,
Sweet & Sour Chicken HongKong Style, ,6.80,Sweet & Sour Dishes,false,false,false,
Sweet & Sour Pork HongKong Style, ,6.80,Sweet & Sour Dishes,false,false,false,
Sweet & Sour King Prawn HongKong Style, ,7.60,Sweet & Sour Dishes,false,false,false,
Sweet & Sour Fish HongKong Style, ,6.80,Sweet & Sour Dishes,false,false,false,
Crispy Chicken, ,6.80,Sweet & Sour Dishes,false,true,false,
Crispy Pork, ,6.80,Sweet & Sour Dishes,false,true,false,
Lemon Chicken, ,7.10,Sweet & Sour Dishes,false,false,false,
Duck with Plum Sauce, ,8.20,Duck Dishes,false,false,false,
Chinese Style Duck, ,8.20,Duck Dishes,false,false,false,
Roast Duck with Pineapple, ,8.20,Duck Dishes,false,false,false,
Roast Duck in Garlic Sauce, ,8.20,Duck Dishes,false,false,false,
Roast Duck with Ginger & Spring Onion, ,8.20,Duck Dishes,false,false,false,
Roast Duck with Green Pepper in Black Bean Sauce, ,8.20,Duck Dishes,false,true,false,
Stir Fried Mixed Vegetables, ,5.60,Vegetarian Dishes,true,false,false,
Fried Mushroom, ,5.60,Vegetarian Dishes,true,false,false,
Mixed Vegetables in Black Bean Sauce, ,5.60,Vegetarian Dishes,true,true,false,
Fried Bamboo Shoot & Water Chestnuts, ,5.60,Vegetarian Dishes,true,false,false,
Fried Beansprouts, ,5.10,Vegetarian Dishes,true,false,false,
Szechuan Style Mixed Vegetables, ,5.80,Vegetarian Dishes,true,true,false,
Mixed Vegetables in Yellow Bean Sauce, ,5.60,Vegetarian Dishes,true,false,true,
Mixed Vegetables with Cashew Nuts, ,6.10,Vegetarian Dishes,true,false,true,
Broccoli with Garlic, ,6.10,Vegetarian Dishes,true,false,false,
Chicken Omelette & Chips, ,6.80,Omelette Dishes,false,false,false,
Roast Pork Omelette & Chips, ,6.80,Omelette Dishes,false,false,false,
King Prawn Omelette & Chips, ,7.50,Omelette Dishes,false,false,false,
Mushroom Omelette & Chips, ,6.20,Omelette Dishes,false,false,false,
Plain Omelette & Chips, ,6.00,Omelette Dishes,true,false,false,
Tofu/Bean Curd with Green Pepper in Black Bean Sauce, ,6.10,Tofu Dishes,true,true,false,
Sweet & Sour Tofu/Bean Curd, ,6.10,Tofu Dishes,true,false,false,
Tofu/Bean Curd with Ginger & Spring Onion, ,6.10,Tofu Dishes,true,false,false,
Chips, ,3.00,Extra Portions,true,false,false,
Salt & Pepper Chips, ,4.40,Extra Portions,true,true,false,
Sweet & Sour Sauce,150ml,2.30,Extra Portions,true,false,false,
Curry Sauce,150ml,2.30,Extra Portions,true,false,false,
BBQ Sauce,150ml,2.30,Extra Portions,true,false,false,
Black Bean Sauce,150ml,2.30,Extra Portions,true,true,false,
Sweet Chilli Sauce,50ml,2.30,Extra Portions,true,true,false,
Satay Sauce,50ml,2.30,Extra Portions,true,false,true,
Soy Sauce,50ml,2.30,Extra Portions,true,false,false,
Lamb Thai Red Curry, ,8.40,Thai Curry Dishes,false,true,false,
Lamb Thai Green Curry, ,8.40,Thai Curry Dishes,false,true,false,
King Prawn Thai Red Curry, ,7.80,Thai Curry Dishes,false,true,false,
King Prawn Thai Green Curry, ,7.80,Thai Curry Dishes,false,true,false,
Beef Thai Red Curry, ,7.20,Thai Curry Dishes,false,true,false,
Beef Thai Green Curry, ,7.20,Thai Curry Dishes,false,true,false,
Chicken Thai Red Curry, ,6.90,Thai Curry Dishes,false,true,false,
Chicken Thai Green Curry, ,6.90,Thai Curry Dishes,false,true,false,
Roast Pork Thai Red Curry, ,6.90,Thai Curry Dishes,false,true,false,
Roast Pork Thai Green Curry, ,6.90,Thai Curry Dishes,false,true,false,
Shrimp Thai Red Curry, ,7.20,Thai Curry Dishes,false,true,false,
Shrimp Thai Green Curry, ,7.20,Thai Curry Dishes,false,true,false,
Mushroom Thai Red Curry, ,6.30,Thai Curry Dishes,true,true,false,
Mushroom Thai Green Curry, ,6.30,Thai Curry Dishes,true,true,false,
Mixed Vegetables Thai Red Curry, ,6.30,Thai Curry Dishes,true,true,false,
Mixed Vegetables Thai Green Curry, ,6.30,Thai Curry Dishes,true,true,false,
Coke (Can), ,1.50,Drinks,false,false,false,
Diet Coke (Can), ,1.50,Drinks,false,false,false,
Tango (Can), ,1.50,Drinks,false,false,false,
7 up (Can), ,1.50,Drinks,false,false,false,
Bottle of Coke,1.5L,3.50,Drinks,false,false,false,
Bottle of Diet Coke,1.5L,3.50,Drinks,false,false,false,
Bottle of Tango,1.5L,3.50,Drinks,false,false,false,
